Section,Project Name,URL
Top Projects,619 Residences by Foster + Partners + Nobu Hospitality,https://top-projects.millionluxury.com/projects/619-residences
Top Projects,72 Carlyle Miami Beach,https://top-projects.millionluxury.com/projects/72-carlyle
Top Projects,888 Brickell by Dolce & Gabbana,https://top-projects.millionluxury.com/projects/888-brickell
Top Projects,Andare Residences Fort Lauderdale,https://top-projects.millionluxury.com/projects/andare-residences
Top Projects,Aria Reserve Miami,https://top-projects.millionluxury.com/projects/aria-reserve
Top Projects,Armani Casa Residences Pompano Beach,https://top-projects.millionluxury.com/projects/armani-casa-pompano-beach
Top Projects,Avenia Aventura,https://top-projects.millionluxury.com/projects/avenia-aventura
Top Projects,Banyan Tree Residences West Palm Beach,https://top-projects.millionluxury.com/projects/banyan-tree
Top Projects,Bay Harbor Towers,https://top-projects.millionluxury.com/projects/bay-harbor-towers
Top Projects,Casa Cipriani Miami Beach,https://top-projects.millionluxury.com/projects/casa-cipriani
Top Projects,Cipriani Residences Brickell,https://top-projects.millionluxury.com/projects/cipriani-residences
Top Projects,Colette Residences Brickell,https://top-projects.millionluxury.com/projects/colette-brickell
Top Projects,Cora Merrick Park,https://top-projects.millionluxury.com/projects/cora-merrick
Top Projects,EDITION Edgewater,https://top-projects.millionluxury.com/projects/edition-residences-edgewater
Top Projects,Faena House Miami Beach,https://top-projects.millionluxury.com/projects/faena-house
Top Projects,Faena Residences Miami Downtown Miami,https://top-projects.millionluxury.com/projects/faena-residences-downtown-miami
Top Projects,Four Seasons Residences Coconut Grove,https://top-projects.millionluxury.com/projects/four-seasons-coconut-grove
Top Projects,Kempinski Residences Miami Design District,https://top-projects.millionluxury.com/projects/kempinski-residences-miami-design-district
Top Projects,La Maré Bay Harbor Islands,https://top-projects.millionluxury.com/projects/la-mare
Top Projects,"Mandarin Oriental Residences, West Palm Beach",https://top-projects.millionluxury.com/projects/the-residences-at-mandarin-oriental-west-palm-beach
Top Projects,Miami Tropic Residences,https://top-projects.millionluxury.com/projects/miami-tropic
Top Projects,Mr. C Residences Boca Raton,https://top-projects.millionluxury.com/projects/mr-c-residences-boca-raton
Top Projects,Mr. C Residences West Palm Beach,https://top-projects.millionluxury.com/projects/mr-c-residences-west-palm-beach
Top Projects,Mr. C Tigertail Coconut Grove,https://top-projects.millionluxury.com/projects/mr-c-residences-tigertail
Top Projects,Nora House West Palm Beach,https://top-projects.millionluxury.com/projects/nora-house
Top Projects,Ocean House Surfside,https://top-projects.millionluxury.com/projects/ocean-house
Top Projects,ORA by Casa Tua Brickell,https://top-projects.millionluxury.com/projects/ora-casa-tua
Top Projects,Ponce Park Coral Gables,https://top-projects.millionluxury.com/projects/ponce-park
Top Projects,Riva Residenze Fort Lauderdale,https://top-projects.millionluxury.com/projects/riva-residenze
Top Projects,Rivage Bal Harbour,https://top-projects.millionluxury.com/projects/rivage-bal-harbour
Top Projects,Rosewood Residences Hillsboro Beach,https://top-projects.millionluxury.com/projects/rosewood-hillsboro
Top Projects,Shore Club Private Collections Miami Beach,https://top-projects.millionluxury.com/projects/shore-club-private-collection-residences
Top Projects,Shorecrest Flagler Drive West Palm Beach,https://top-projects.millionluxury.com/projects/shorecrest-west-palm-beach
Top Projects,St. Regis® Residences Bahia Mar Fort Lauderdale,https://top-projects.millionluxury.com/projects/st-regis-residences-bahia-mar-fort-lauderdale
Top Projects,St. Regis® Residences Brickell,https://top-projects.millionluxury.com/projects/st-regis-residences-brickell
Top Projects,St. Regis® Residences Sunny Isles,https://top-projects.millionluxury.com/projects/st-regis-residences-sunny-isles
Top Projects,The Berkeley Palm Beach,https://top-projects.millionluxury.com/projects/the-berkeley
Top Projects,The Bristol Palm Beach,https://top-projects.millionluxury.com/projects/the-bristol
Top Projects,The Delmore Surfside,https://top-projects.millionluxury.com/projects/the-delmore
Top Projects,The Perigon Miami Beach,https://top-projects.millionluxury.com/projects/the-perigon
Top Projects,The Raleigh by Rosewood,https://top-projects.millionluxury.com/projects/the-raleigh
Top Projects,The Residences at 1428 Brickell,https://top-projects.millionluxury.com/projects/1428-brickell
Top Projects,"The Residences at Mandarin Oriental, Miami",https://top-projects.millionluxury.com/projects/mandarin-oriental-miami
Top Projects,The Ritz-Carlton Residences® Fort Lauderdale,https://top-projects.millionluxury.com/projects/ritz-carlton-fort-lauderdale
Top Projects,The Ritz-Carlton Residences® Miami Beach,https://top-projects.millionluxury.com/projects/ritz-carlton-miami-beach
Top Projects,The Ritz-Carlton Residences® Palm Beach Gardens,https://top-projects.millionluxury.com/projects/ritz-carlton-palm-beach-gardens
Top Projects,The Ritz-Carlton Residences® South Beach,https://top-projects.millionluxury.com/projects/ritz-carlton-south-beach
Top Projects,The Ritz-Carlton Residences® West Palm Beach,https://top-projects.millionluxury.com/projects/ritz-carlton-west-palm
Top Projects,The Surf Club Four Seasons Surfside,https://top-projects.millionluxury.com/projects/surf-club-four-seasons
Top Projects,The Village at Coral Gables,https://top-projects.millionluxury.com/projects/the-village-coral-gables
Top Projects,The Well Bay Harbor Islands,https://top-projects.millionluxury.com/projects/the-well-bay-harbor
Top Projects,The Well Coconut Grove,https://top-projects.millionluxury.com/projects/the-well-coconut-grove
Top Projects,Tula Residences North Bay Village,https://top-projects.millionluxury.com/projects/tula-residences
Top Projects,Villa Miami,https://top-projects.millionluxury.com/projects/villa-miami
Top Projects,Vita at Grove Isle,https://top-projects.millionluxury.com/projects/vita-at-grove-isle
Top Projects,W Pompano Beach Hotel & Residences,https://top-projects.millionluxury.com/projects/w-pompano-beach-hotel-residences
Top Projects,Waldorf Astoria Residences Pompano Beach,https://top-projects.millionluxury.com/projects/waldorf-astoria-pompano
Top Projects,Ziggurat Coconut Grove,https://top-projects.millionluxury.com/projects/ziggurat-coconut-grove
Other Projects,1 Hotel & Homes South Beach,https://top-projects.millionluxury.com/projects/1-hotel-homes
Other Projects,123 Ocean Palm Beach Shores,https://top-projects.millionluxury.com/projects/123-ocean-palm-beach-shores
Other Projects,14 Roc Miami,https://top-projects.millionluxury.com/projects/14-roc-miami
Other Projects,2000 Ocean Hallandale Beach,https://top-projects.millionluxury.com/projects/2000-ocean
Other Projects,2200 Brickell,https://top-projects.millionluxury.com/projects/2200-brickell
Other Projects,3000 Waterside Fort Lauderdale,https://top-projects.millionluxury.com/projects/3000-waterside-fort-lauderdale
Other Projects,3200 South Ocean Highland Beach,https://top-projects.millionluxury.com/projects/3200-south-ocean
Other Projects,321 Ocean Miami Beach,https://top-projects.millionluxury.com/projects/321-ocean
Other Projects,5000 North Ocean Singer Island,https://top-projects.millionluxury.com/projects/5000-north-ocean
Other Projects,57 Ocean Miami Beach,https://top-projects.millionluxury.com/projects/57-ocean
Other Projects,72 Park Miami Beach,https://top-projects.millionluxury.com/projects/72-park
Other Projects,9900 West Bay Harbor Islands,https://top-projects.millionluxury.com/projects/9900-west
Other Projects,Adagio Fort Lauderdale,https://top-projects.millionluxury.com/projects/adagio-fort-lauderdale
Other Projects,Alana Bay Harbor Islands,https://top-projects.millionluxury.com/projects/alana-bay-harbor-islands
Other Projects,Alba West Palm Beach,https://top-projects.millionluxury.com/projects/alba-west-palm-beach
Other Projects,Alina Residences Boca Raton,https://top-projects.millionluxury.com/projects/alina-residences
Other Projects,Alma Bay Harbor Islands,https://top-projects.millionluxury.com/projects/alma-bay-harbor-islands
Other Projects,Apogee South Beach,https://top-projects.millionluxury.com/projects/apogee
Other Projects,Arbor Coconut Grove,https://top-projects.millionluxury.com/projects/arbor-coconut-grove
Other Projects,Armani Casa Sunny Isles Beach,https://top-projects.millionluxury.com/projects/armani-casa
Other Projects,Arte Surfside,https://top-projects.millionluxury.com/projects/arte-surfside
Other Projects,Asia Brickell Key,https://top-projects.millionluxury.com/projects/asia-brickell
Other Projects,Aston Martin Residences Downtown Miami,https://top-projects.millionluxury.com/projects/aston-martin-residences
Other Projects,Auberge Beach Residences & Spa Fort Lauderdale,https://top-projects.millionluxury.com/projects/auberge-beach-residences-spa-fort-lauderdale
Other Projects,Aurora Sunny Isles Beach,https://top-projects.millionluxury.com/projects/aurora-sunny-isles-beach
Other Projects,Baccarat Residences Brickell,https://top-projects.millionluxury.com/projects/baccarat-residences
Other Projects,Bal Harbour Tower,https://top-projects.millionluxury.com/projects/bal-harbour-tower
Other Projects,Banyan Tree Bimini Bahamas,https://top-projects.millionluxury.com/projects/banyan-tree-bimini-bahamas
Other Projects,Bayview Village Fisher Island,https://top-projects.millionluxury.com/projects/bayview-village
Other Projects,Beach House 8 Miami Beach,https://top-projects.millionluxury.com/projects/beach-house-8
Other Projects,Bentley Residences Sunny Isles,https://top-projects.millionluxury.com/projects/bentley-residences-sunny-isles
Other Projects,Biltmore Row Coral Gables,https://top-projects.millionluxury.com/projects/biltmore-row
Other Projects,Blue & Green Diamond Towers Miami Beach,https://top-projects.millionluxury.com/projects/blue-green-diamond-towers
Other Projects,Brickell City Centre Miami,https://top-projects.millionluxury.com/projects/brickell-city-centre
Other Projects,Bristol Tower Brickell,https://top-projects.millionluxury.com/projects/bristol-tower
Other Projects,Caribbean Miami Beach,https://top-projects.millionluxury.com/projects/caribbean
Other Projects,Casa Bella by B&B Italia Downtown Miami,https://top-projects.millionluxury.com/projects/casa-bella-residences-miami
Other Projects,Cassia Coral Gables,https://top-projects.millionluxury.com/projects/cassia-coral-gables
Other Projects,Château Beach Residences Sunny Isles Beach,https://top-projects.millionluxury.com/projects/chateau-beach-residences
Other Projects,Continuum 12000 Sport & Wellness Residences Miami,https://top-projects.millionluxury.com/projects/continuum-12000-sport-wellness-residences-miami
Other Projects,Continuum Club & Residences North Bay Village,https://top-projects.millionluxury.com/projects/continuum-club-residences-north-bay-village
Other Projects,Continuum on South Beach,https://top-projects.millionluxury.com/projects/continuum-south-beach
Other Projects,Delano Residences & Hotel Miami,https://top-projects.millionluxury.com/projects/delano-residences-hotel-miami
Other Projects,Diesel Wynwood,https://top-projects.millionluxury.com/projects/diesel-wynwood
Other Projects,Domus Brickell Center,https://top-projects.millionluxury.com/projects/domus-brickell-center
Other Projects,Domus Brickell Park,https://top-projects.millionluxury.com/projects/domus-brickell-park
Other Projects,Edge House Miami,https://top-projects.millionluxury.com/projects/edge-house-miami
Other Projects,Edgeworth West Palm Beach,https://top-projects.millionluxury.com/projects/edgeworth-west-palm-beach
Other Projects,Eighty Seven Park Surfside,https://top-projects.millionluxury.com/projects/eighty-seven-park
Other Projects,Ella Miami Beach,https://top-projects.millionluxury.com/projects/ella-miami-beach
Other Projects,Elle Residences Edgewater,https://top-projects.millionluxury.com/projects/elle-residences-edgewater
Other Projects,Elysee Miami,https://top-projects.millionluxury.com/projects/elysee-miami
Other Projects,Epique Pelican Bay,https://top-projects.millionluxury.com/projects/epique-pelican-bay
Other Projects,Fendi Château Residences Surfside,https://top-projects.millionluxury.com/projects/fendi-chateau
Other Projects,Five Park Miami Beach,https://top-projects.millionluxury.com/projects/five-park-miami-beach
Other Projects,Forté on Flagler West Palm Beach,https://top-projects.millionluxury.com/projects/forte-on-flagler
Other Projects,Four Seasons Hotel & Private Residences Fort Lauderdale,https://top-projects.millionluxury.com/projects/four-seasons-hotel-private-residences
Other Projects,Four Seasons Private Residences Las Vegas,https://top-projects.millionluxury.com/projects/four-seasons-residences-las-vegas
Other Projects,Frida Kahlo Wynwood Residences,https://top-projects.millionluxury.com/projects/frida-kahlo-wynwood-residences
Other Projects,Gale Miami Hotel & Residences,https://top-projects.millionluxury.com/projects/gale-miami
Other Projects,Glass House Boca Raton,https://top-projects.millionluxury.com/projects/glass-house-boca-raton
Other Projects,Glass South Beach,https://top-projects.millionluxury.com/projects/glass-miami-beach
Other Projects,Grove at Grand Bay,https://top-projects.millionluxury.com/projects/grove-at-grand-bay
Other Projects,House of Wellness Brickell,https://top-projects.millionluxury.com/projects/house-of-wellness-brickell
Other Projects,HUB Miami Downtown Miami,https://top-projects.millionluxury.com/projects/hub-miami
Other Projects,Icon Beach Residences Hollywood,https://top-projects.millionluxury.com/projects/icon-beach-residences-hollywood
Other Projects,Il Villaggio Miami,https://top-projects.millionluxury.com/projects/il-villaggio
Other Projects,Jade Beach Sunny Isles,https://top-projects.millionluxury.com/projects/jade-beach
Other Projects,Jade Ocean Sunny Isles Beach,https://top-projects.millionluxury.com/projects/jade-ocean
Other Projects,Jade Signature Sunny Isles Beach,https://top-projects.millionluxury.com/projects/jade-signature
Other Projects,JEM Residences Brickell,https://top-projects.millionluxury.com/projects/jem-residences
Other Projects,L’atelier Miami Beach,https://top-projects.millionluxury.com/projects/l-atelier
Other Projects,La Baia North Bay Harbor Islands,https://top-projects.millionluxury.com/projects/la-baia-north-bay-harbor
Other Projects,La Santa Maria Brickell,https://top-projects.millionluxury.com/projects/la-santa-maria
Other Projects,Lofty Residences Brickell,https://top-projects.millionluxury.com/projects/lofty-residences
Other Projects,Maison D'Or South Flagler,https://top-projects.millionluxury.com/projects/maison-d-or-south-flagler
Other Projects,Mercedes-Benz Places Miami,https://top-projects.millionluxury.com/projects/mercedes-benz-places-miami
Other Projects,Miami Design Residences Midtown Miami,https://top-projects.millionluxury.com/projects/miami-design-residences-midtown-miami
Other Projects,Mila Bay Harbor Islands,https://top-projects.millionluxury.com/projects/mila-bay-harbor-islands
Other Projects,Missoni Baia Edgewater,https://top-projects.millionluxury.com/projects/missoni-baia
Other Projects,Monaco Yacht Club & Residences Miami Beach,https://top-projects.millionluxury.com/projects/monaco-yacht-club-residences
Other Projects,Monad Terrace Miami Beach,https://top-projects.millionluxury.com/projects/monad-terrace
Other Projects,Murano at Portofino South Beach,https://top-projects.millionluxury.com/projects/murano-at-portofino
Other Projects,Murano Grande at Portofino,https://top-projects.millionluxury.com/projects/murano-grande-at-portofino
Other Projects,Muse Residences Sunny Isles Beach,https://top-projects.millionluxury.com/projects/muse-residences
Other Projects,Naples Beach Club Four Seasons,https://top-projects.millionluxury.com/projects/naples-beach-club-four-seasons
Other Projects,Nexo North Miami Beach,https://top-projects.millionluxury.com/projects/nexo-north-miami-beach
Other Projects,NoMad Residences Wynwood,https://top-projects.millionluxury.com/projects/nomad-residences-wynwood
Other Projects,Oasis Hallandale,https://top-projects.millionluxury.com/projects/oasis-hallandale
Other Projects,Ocean 580 Pompano Beach,https://top-projects.millionluxury.com/projects/ocean-580-pompano-beach
Other Projects,Ocean Delray Beach,https://top-projects.millionluxury.com/projects/ocean-delray
Other Projects,Ocean House South Beach,https://top-projects.millionluxury.com/projects/ocean-house-2
Other Projects,Ocean Park South Beach,https://top-projects.millionluxury.com/projects/ocean-park
Other Projects,Ocean Terrace Miami Beach,https://top-projects.millionluxury.com/projects/ocean-terrace
Other Projects,Oceana Bal Harbour,https://top-projects.millionluxury.com/projects/oceana-bal-harbour
Other Projects,Oceana Key Biscayne,https://top-projects.millionluxury.com/projects/oceana-key-biscayne
Other Projects,Oceanside Fisher Island,https://top-projects.millionluxury.com/projects/oceanside
Other Projects,Okan Tower Downtown Miami,https://top-projects.millionluxury.com/projects/okan-tower
Other Projects,Olara West Palm Beach,https://top-projects.millionluxury.com/projects/olara-west-palm-beach
Other Projects,Ombelle Fort Lauderdale,https://top-projects.millionluxury.com/projects/ombelle-fort-lauderdale
Other Projects,Onda Bay Harbor,https://top-projects.millionluxury.com/projects/onda-bay-harbor
Other Projects,One Ocean South Beach,https://top-projects.millionluxury.com/projects/one-ocean
Other Projects,One Park Tower by Turnberry North Miami,https://top-projects.millionluxury.com/projects/one-park-tower-by-turnberry
Other Projects,One Thousand Museum Downtown Miami,https://top-projects.millionluxury.com/projects/one-thousand-museum
Other Projects,Opus Coconut Grove,https://top-projects.millionluxury.com/projects/opus-coconut-grove
Other Projects,Origin Bay Harbor Islands,https://top-projects.millionluxury.com/projects/origin
Other Projects,Pagani North Bay Village,https://top-projects.millionluxury.com/projects/pagani-north-bay-village
Other Projects,Palazzo at Bayfront Naples,https://top-projects.millionluxury.com/projects/palazzo-at-bayfront-naples
Other Projects,Palazzo del Sol,https://top-projects.millionluxury.com/projects/palazzo-del-sol
Other Projects,Palazzo della Luna,https://top-projects.millionluxury.com/projects/palazzo-della-luna
Other Projects,Palma Miami Beach,https://top-projects.millionluxury.com/projects/palma-miami-beach
Other Projects,Paramount Fort Lauderdale Beach,https://top-projects.millionluxury.com/projects/paramount-fort-lauderdale-beach
Other Projects,Park Grove Coconut Grove,https://top-projects.millionluxury.com/projects/park-grove
Other Projects,Parque Towers Sunny Isles Beach,https://top-projects.millionluxury.com/projects/parque-towers
Other Projects,Pier Sixty-Six Fort Lauderdale,https://top-projects.millionluxury.com/projects/pier-sixty-six-fort-lauderdale
Other Projects,Porsche Design Tower Sunny Isles Beach,https://top-projects.millionluxury.com/projects/porsche-design-tower
Other Projects,Portofino Tower South Beach,https://top-projects.millionluxury.com/projects/portofino-tower
Other Projects,Privé Island Aventura,https://top-projects.millionluxury.com/projects/prive-island
Other Projects,Regalia Sunny Isles Beach,https://top-projects.millionluxury.com/projects/regalia
Other Projects,River District 14 Miami,https://top-projects.millionluxury.com/projects/river-district-14-miami
Other Projects,Rosewood Residences Naples,https://top-projects.millionluxury.com/projects/rosewood-residences-naples
Other Projects,Sage Fort Lauderdale,https://top-projects.millionluxury.com/projects/sage-fort-lauderdale
Other Projects,Salato Pompano Beach,https://top-projects.millionluxury.com/projects/salato
Other Projects,Setai Residences Miami Beach,https://top-projects.millionluxury.com/projects/setai-residences
Other Projects,Shell Bay by Auberge Hallandale,https://top-projects.millionluxury.com/projects/shell-bay-by-auberge
Other Projects,Shoma Bay North Bay Village,https://top-projects.millionluxury.com/projects/shoma-bay
Other Projects,Sixth & Rio Fort Lauderdale,https://top-projects.millionluxury.com/projects/sixth-rio
Other Projects,South Flagler House West Palm Beach,https://top-projects.millionluxury.com/projects/south-flagler-house
Other Projects,South Pointe Towers,https://top-projects.millionluxury.com/projects/south-pointe-towers
Other Projects,St. Regis® Residences Bal Harbour,https://top-projects.millionluxury.com/projects/st-regis-residences-bal-harbour
Other Projects,Surf Row Residences Surfside,https://top-projects.millionluxury.com/projects/surf-row
Other Projects,The Avenue Coral Gables,https://top-projects.millionluxury.com/projects/the-avenue
Other Projects,The Bath Club Miami Beach,https://top-projects.millionluxury.com/projects/the-bath-club
Other Projects,The Cove Residences Edgewater,https://top-projects.millionluxury.com/projects/the-cove-residences
Other Projects,The Estates at Acqualina Sunny Isles,https://top-projects.millionluxury.com/projects/the-estates-at-acqualina
Other Projects,The Fairchild Coconut Grove,https://top-projects.millionluxury.com/projects/the-fairchild
Other Projects,The George Residences Coral Gables,https://top-projects.millionluxury.com/projects/the-george-residences-coral-gables
Other Projects,The Lincoln Coconut Grove,https://top-projects.millionluxury.com/projects/the-lincoln-coconut-grove
Other Projects,The Links Estates at Fisher Island,https://top-projects.millionluxury.com/projects/the-links-estates
Other Projects,The Mansions at Acqualina Sunny Isles,https://top-projects.millionluxury.com/projects/the-mansions-at-acqualina
Other Projects,The Ocean Club Four Seasons Residences Bahamas,https://top-projects.millionluxury.com/projects/the-ocean-club-four-seasons-residences-bahamas
Other Projects,The Palace at Bal Harbour,https://top-projects.millionluxury.com/projects/the-palace-at-bal-harbour
Other Projects,The Residences at Mandarin Oriental Boca Raton,https://top-projects.millionluxury.com/projects/the-residences-at-mandarin-oriental-boca-raton
Other Projects,The Residences at Six Fisher Island,https://top-projects.millionluxury.com/projects/the-residences-at-six-fisher-island
Other Projects,The Residences at The Miami Beach Edition®,https://top-projects.millionluxury.com/projects/the-residences-at-the-miami-beach-edition
Other Projects,The Ritz-Carlton Residences® Bal Harbour,https://top-projects.millionluxury.com/projects/the-ritz-carlton-residences-bal-harbour
Other Projects,The Ritz-Carlton Residences® Naples,https://top-projects.millionluxury.com/projects/the-ritz-carlton-residences-naples
Other Projects,The Ritz-Carlton Residences® Pompano Beach,https://top-projects.millionluxury.com/projects/the-ritz-carlton-residences-pompano-beach
Other Projects,The Ritz-Carlton Residences® Sunny Isles,https://top-projects.millionluxury.com/projects/the-ritz-carlton-residences-sunny-isles
Other Projects,The Roads Townhomes Brickell,https://top-projects.millionluxury.com/projects/the-roads-townhomes-brickell
Other Projects,The Standard Residences Brickell,https://top-projects.millionluxury.com/projects/the-standard-residences
Other Projects,Turnberry Ocean Club Sunny Isles,https://top-projects.millionluxury.com/projects/turnberry-ocean-club
Other Projects,Turnberry Ocean Colony Sunny Isles Beach,https://top-projects.millionluxury.com/projects/turnberry-ocean-colony
Other Projects,Twenty Nine Indian Creek Miami Beach,https://top-projects.millionluxury.com/projects/twenty-nine-indian-creek
Other Projects,Una Residences Brickell,https://top-projects.millionluxury.com/projects/una-residences
Other Projects,Viceroy Brickell,https://top-projects.millionluxury.com/projects/viceroy-brickell
Other Projects,Viceroy Fort Lauderdale,https://top-projects.millionluxury.com/projects/viceroy-fort-lauderdale
Other Projects,Villa Valencia Coral Gables,https://top-projects.millionluxury.com/projects/villa-valencia
Other Projects,W South Beach® Florida,https://top-projects.millionluxury.com/projects/w-south-beach-residences
Other Projects,Waldorf Astoria Residences Downtown Miami,https://top-projects.millionluxury.com/projects/waldorf-astoria-residences-downtown-miami
Other Projects,West Eleventh Residences Downtown Miami,https://top-projects.millionluxury.com/projects/west-eleventh-residences
